title;year;plays;last_played;seen_date;imdb_id;rating;omdbapiurl
127 Hours;2010;1;1300489200;19/03/2011;tt1542344;6;http://www.omdbapi.com/?t=127 Hours&y=2010
21 Jump Street;2012;1;1345500000;21/08/2012;tt1232829;8;http://www.omdbapi.com/?t=21 Jump Street&y=2012
50 First Dates;2004;1;1318111200;09/10/2011;tt0343660;8;http://www.omdbapi.com/?t=50 First Dates&y=2004
A Prophet (Un prophete);2009;1;1290207600;20/11/2010;tt1235166;8;http://www.omdbapi.com/?t=A%20Prophet&y=2009
A Separation;2011;1;1361833200;26/02/2013;tt1832382;8;http://www.omdbapi.com/?t=A Separation&y=2011
A Walk to Remember;2002;1;1324162800;18/12/2011;tt0281358;7;http://www.omdbapi.com/?t=A Walk to Remember&y=2002
Alice in Wonderland;2010;1;;06/03/2010;tt1014759;7;http://www.omdbapi.com/?t=Alice in Wonderland&y=2010
Amélie;2001;1;1330297200;27/02/2012;tt0211915;8;http://www.omdbapi.com/?t=Amélie&y=2001
American Madness;1932;1;1352070000;05/11/2012;tt0022626;8;http://www.omdbapi.com/?i=&t=american+madness&y=1932
An Education;2009;1;1327186800;22/01/2012;tt1174732;8;http://www.omdbapi.com/?t=An Education&y=2009
Angel & Tony (Angèle et Tony);2010;1;1363042800;12/03/2013;tt1538221;8;
Argo;2012;1;1361660400;24/02/2013;tt1024648;7;http://www.omdbapi.com/?t=Argo&y=2012
Attack the Block;2011;1;1321657200;19/11/2011;tt1478964;7;http://www.omdbapi.com/?t=Attack the Block&y=2011
Avatar;2009;1;;04/02/2010;tt0499549;10;http://www.omdbapi.com/?t=Avatar&y=2009
Banlieue 13 - Ultimatum (District 13: Ultimatum);2009;1;1338328800;30/05/2012;tt1247640;8;http://www.omdbapi.com/?t=District 13: Ultimatum&y=2009
Battle: Los Angeles;2011;1;1312063200;31/07/2011;tt2359006;7;http://www.omdbapi.com/?t=Battle: Los Angeles&y=2011
Battleship;2012;1;1345413600;20/08/2012;tt1440129;6;http://www.omdbapi.com/?t=Battleship&y=2012
Battlestar Galactica;2003;1;1365976800;15/04/2013;tt0314979;7;http://www.omdbapi.com/?t=Battlestar Galactica&y=2003
Because I Said So;2007;1;1330038000;24/02/2012;tt0490084;7;http://www.omdbapi.com/?t=Because I Said So&y=2007
Benvenuti Al Sud;2010;1;1343599200;30/07/2012;tt1529235;8;http://www.omdbapi.com/?t=Benvenuti Al Sud&y=2010
Berlinguer ti voglio bene (Berlinguer: I Love You);1977;1;1349733600;09/10/2012;tt0075742;5;http://www.omdbapi.com/?t=Berlinguer: I Love You&y=1977
Black Swan;2010;1;1300748400;22/03/2011;tt0947798;7;http://www.omdbapi.com/?t=Black Swan&y=2010
Brave;2012;1;1347832800;17/09/2012;tt1217209;8;http://www.omdbapi.com/?t=Brave&y=2012
Bridesmaids;2011;1;1320966000;11/11/2011;tt1478338;8;http://www.omdbapi.com/?t=Bridesmaids&y=2011
Brooklyn's Finest;2009;1;;01/07/2010;tt1210042;6;http://www.omdbapi.com/?t=Brooklyn's Finest&y=2009
Captain America: The First Avenger;2011;1;1323471600;10/12/2011;tt0458339;8;http://www.omdbapi.com/?t=Captain America: The First Avenger&y=2011
Cars 2;2011;1;1320534000;06/11/2011;tt1216475;7;http://www.omdbapi.com/?t=Cars 2&y=2011
Chronicle;2012;1;1341612000;07/07/2012;tt1706593;6;http://www.omdbapi.com/?t=Chronicle&y=2012
Confessions (Kokuhaku);2010;1;1368482400;14/05/2013;tt1590089;7;http://www.omdbapi.com/?t=Confessions&y=2010
Cool Runnings;1993;1;1312495200;05/08/2011;tt0106611;9;http://www.omdbapi.com/?t=Cool Runnings&y=1993
Dark City;1998;1;1335218400;24/04/2012;tt0118929;7;http://www.omdbapi.com/?t=Dark City&y=1998
Date Night;2010;1;1315605600;10/09/2011;tt1279935;8;http://www.omdbapi.com/?t=Date Night&y=2010
Despicable Me;2010;1;1293663600;30/12/2010;tt1323594;10;http://www.omdbapi.com/?t=Despicable Me&y=2010
District B13 (Banlieue 13);2004;1;1336860000;13/05/2012;tt0414852;8;http://www.omdbapi.com/?t=District%20B13&y=2004
Dredd;2012;1;1358031600;13/01/2013;tt1343727;8;http://www.omdbapi.com/?t=Dredd&y=2012
Drive;2011;1;1330729200;03/03/2012;tt0780504;7;http://www.omdbapi.com/?t=Drive&y=2011
End of Watch;2012;1;1359154800;26/01/2013;tt1855199;6;http://www.omdbapi.com/?t=End of Watch&y=2012
Even the Rain (Meme La Pluie);2011;1;1352761200;13/11/2012;tt1422032;8;
Fast Five;2011;1;1318111200;09/10/2011;tt1596343;9;http://www.omdbapi.com/?t=Fast Five&y=2011
Faster;2010;1;1305410400;15/05/2011;tt1433108;6;http://www.omdbapi.com/?t=Faster&y=2010
Flight;2012;1;1361142000;18/02/2013;tt1907668;6;http://www.omdbapi.com/?t=Flight&y=2012
Fratelli D'italia;2009;1;1355698800;17/12/2012;tt1523443;5;http://www.omdbapi.com/?t=Fratelli%20d'italia&y=2009
G-Force;2009;1;1325718000;05/01/2012;tt0436339;7;http://www.omdbapi.com/?t=G-Force&y=2009
G.I. Joe: Retaliation;2013;1;1365372000;08/04/2013;tt1583421;8;http://www.omdbapi.com/?t=G.I. Joe: Retaliation&y=2013
G.I. Joe: The Rise of Cobra;2009;1;1315951200;14/09/2011;tt1046173;8;http://www.omdbapi.com/?t=G.I. Joe: The Rise of Cobra&y=2009
Gangster Squad;2013;1;1370642400;08/06/2013;tt1321870;6;http://www.omdbapi.com/?t=Gangster Squad&y=2013
Gattaca;1997;1;1358809200;22/01/2013;tt0119177;6;http://www.omdbapi.com/?t=Gattaca&y=1997
Good Will Hunting;1997;1;1327791600;29/01/2012;tt0119217;9;http://www.omdbapi.com/?t=Good Will Hunting&y=1997
Gran Torino;2008;1;;19/07/2009;tt1205489;9;http://www.omdbapi.com/?t=Gran Torino&y=2008
Hancock;2008;1;1314050400;23/08/2011;tt0448157;7;http://www.omdbapi.com/?t=Hancock&y=2008
Hanna;2011;1;1315692000;11/09/2011;tt0993842;7;http://www.omdbapi.com/?t=Hanna&y=2011
Happy Feet;2006;1;1325026800;28/12/2011;tt0366548;7;http://www.omdbapi.com/?t=Happy Feet&y=2006
Harry Potter and the Half-Blood Prince;2009;1;;21/07/2009;tt0417741;8;http://www.omdbapi.com/?t=Harry Potter and the Half-Blood Prince&y=2009
Haywire;2012;1;1336168800;05/05/2012;tt2324815;7;http://www.omdbapi.com/?t=Haywire&y=2012
Holy Water;2010;1;1301007600;25/03/2011;tt1292652/;7;
Hot Fuzz;2007;1;1288998000;06/11/2010;tt0425112;9;http://www.omdbapi.com/?t=Hot Fuzz&y=2007
How to Train Your Dragon;2010;1;;16/06/2010;tt0892769;10;http://www.omdbapi.com/?t=How to Train Your Dragon&y=2010
If Only;2004;1;1340316000;22/06/2012;tt0332136;9;http://www.omdbapi.com/?t=If Only&y=2004
In Time;2011;1;1329606000;19/02/2012;tt1637688;8;http://www.omdbapi.com/?t=In Time&y=2011
Inception;2010;1;;02/08/2010;tt1375666;7;http://www.omdbapi.com/?t=Inception&y=2010
Inside Job;2010;1;1362351600;04/03/2013;tt1645089;8;http://www.omdbapi.com/?t=Inside Job&y=2010
Into Paradiso;2010;1;1364252400;26/03/2013;tt1719496;8;http://www.omdbapi.com/?t=Into Paradiso&y=2010
Into the Wild;2007;1;;30/01/2010;tt0758758;9;http://www.omdbapi.com/?t=Into the Wild&y=2007
Iron Man 2;2010;1;1286661600;10/10/2010;tt1228705;9;http://www.omdbapi.com/?t=Iron Man 2&y=2010
Iron Sky;2012;1;1342216800;14/07/2012;tt1034314;8;http://www.omdbapi.com/?t=Iron Sky&y=2012
It's a Disaster;2012;1;1371333600;16/06/2013;tt1995341;6;http://www.omdbapi.com/?t=It's%20a%20Disaster&y=2012
It's Complicated;2009;1;1316901600;25/09/2011;tt1230414;8;http://www.omdbapi.com/?t=It's Complicated&y=2009
Just Like Heaven;2005;1;1319234400;22/10/2011;tt0425123;8;http://www.omdbapi.com/?t=Just Like Heaven&y=2005
Kick-Ass;2010;1;;22/06/2010;tt1250777;6;http://www.omdbapi.com/?t=Kick-Ass&y=2010
Killers;2010;1;1320188400;02/11/2011;tt1103153;9;http://www.omdbapi.com/?t=Killers&y=2010
Killing Them Softly;2012;1;1365976800;15/04/2013;tt1764234;6;http://www.omdbapi.com/?t=Killing Them Softly&y=2012
Knowing;2009;1;1315692000;11/09/2011;tt0448011;6;http://www.omdbapi.com/?t=Knowing&y=2009
La Banda Dei Babbi Natale;2010;1;1295996400;26/01/2011;tt1680095;5;
Laaga Chunari Mein Daag - Journey of a Woman;2007;1;;25/07/2009;tt0985636;8;http://www.omdbapi.com/?t=Laaga%20Chunari%20Mein%20Daag:%20Journey%20of%20a%20Woman&y=2007
Lawless;2012;1;1355612400;16/12/2012;tt1212450;6;http://www.omdbapi.com/?t=Lawless&y=2012
Life as We Know It;2010;1;1302213600;08/04/2011;tt1055292;6;http://www.omdbapi.com/?t=Life as We Know It&y=2010
Limitless;2011;1;1310508000;13/07/2011;tt1219289;6;http://www.omdbapi.com/?t=Limitless&y=2011
Lockout (Unrated);2012;1;1344808800;13/08/2012;tt1592525;7;http://www.omdbapi.com/?t=Lockout&y=2012
Los Cronocrímenes (Timecrimes);2007;1;1324940400;27/12/2011;tt0480669;6;http://www.omdbapi.com/?t=Timecrimes&y=2007
Machete;2010;1;1306101600;23/05/2011;tt0985694;7;http://www.omdbapi.com/?t=Machete&y=2010
Mammuth;2010;1;1361142000;18/02/2013;tt1473074;5;http://www.omdbapi.com/?t=Mammuth&y=2010
Marvel's The Avengers;2012;1;1335823200;01/05/2012;tt2384455;8;http://www.omdbapi.com/?t=Marvel's The Avengers&y=2012
Mean Girls;2004;1;1328310000;04/02/2012;tt0377092;8;http://www.omdbapi.com/?t=Mean Girls&y=2004
Mean Girls 2;2011;1;1328310000;04/02/2012;tt1679235;6;http://www.omdbapi.com/?t=Mean Girls 2&y=2011
Megamind;2010;1;1298156400;20/02/2011;tt1001526;9;http://www.omdbapi.com/?t=Megamind&y=2010
Men in Black III;2012;1;1348178400;21/09/2012;tt1409024;7;http://www.omdbapi.com/?t=Men%20in%20Black%203&y=2012
Midnight in Paris;2011;1;1327791600;29/01/2012;tt1605783;7;http://www.omdbapi.com/?t=Midnight in Paris&y=2011
Minority Report;2002;1;1358722800;21/01/2013;tt0181689;8;http://www.omdbapi.com/?t=Minority Report&y=2002
Mission: Impossible Ghost Protocol;2011;1;1335650400;29/04/2012;tt1229238;8;http://www.omdbapi.com/?t=Mission:%20Impossible%20-%20Ghost%20Protocol&y=2011
Monkey Business;1952;1;1349042400;01/10/2012;tt0044916;7;http://www.omdbapi.com/?t=Monkey Business&y=1952
Moonlight Mile;2002;1;1291762800;08/12/2010;tt0179098;5;http://www.omdbapi.com/?t=Moonlight Mile&y=2002
My Big Fat Greek Wedding;2002;1;1326322800;12/01/2012;tt0259446;8;http://www.omdbapi.com/?t=My Big Fat Greek Wedding&y=2002
National Lampoon's Barely Legal (After School Special);2003;1;;13/06/2010;tt0302297;8;
No Strings Attached;2011;1;1322866800;03/12/2011;tt1411238;8;http://www.omdbapi.com/?t=No Strings Attached&y=2011
O' Horten;2007;1;1360537200;11/02/2013;tt0962774;6;http://www.omdbapi.com/?t=O'Horten&y=2007
Ocean's Eleven;2001;1;1324594800;23/12/2011;tt0240772;9;http://www.omdbapi.com/?t=Ocean's Eleven&y=2001
Ocean's Thirteen;2007;1;1327100400;21/01/2012;tt0496806;7;http://www.omdbapi.com/?t=Ocean's Thirteen&y=2007
Ocean's Twelve;2004;1;1325372400;01/01/2012;tt0349903;7;http://www.omdbapi.com/?t=Ocean's Twelve&y=2004
P.S. I Love You;2007;1;1323558000;11/12/2011;tt0431308;8;http://www.omdbapi.com/?t=P.S. I Love You&y=2007
ParaNorman;2012;1;1355612400;16/12/2012;tt1623288;6;http://www.omdbapi.com/?t=ParaNorman&y=2012
Paul;2011;1;1310508000;13/07/2011;tt1092026;8;http://www.omdbapi.com/?t=Paul&y=2011
Perder Es Cuestion De Metodo;2004;1;1363647600;19/03/2013;tt0404318;8;
Pina;2011;1;1350856800;22/10/2012;tt1440266;5;http://www.omdbapi.com/?t=Pina&y=2011
Platinum Blonde;1931;1;1351465200;29/10/2012;tt0022268;8;http://www.omdbapi.com/?t=Platinum Blonde&y=1931
Pope Joan;2009;1;;16/05/2010;tt0458455;7;http://www.omdbapi.com/?t=Pope Joan&y=2009
Premium Rush;2012;1;1356994800;01/01/2013;tt1547234;8;http://www.omdbapi.com/?t=Premium Rush&y=2012
Prince of Persia: The Sands of Time;2010;1;;03/06/2010;tt0473075;9;http://www.omdbapi.com/?t=Prince of Persia: The Sands of Time&y=2010
Rango;2011;1;1310853600;17/07/2011;tt1192628;7;http://www.omdbapi.com/?t=Rango&y=2011
Rare Exports: A Christmas Tale;2010;1;1300834800;23/03/2011;tt1401143;8;http://www.omdbapi.com/?t=Rare Exports: A Christmas Tale&y=2010
Ratatouille;2007;1;;27/07/2010;tt0382932;9;http://www.omdbapi.com/?t=Ratatouille&y=2007
Red;2010;1;1296946800;06/02/2011;tt1245526;9;http://www.omdbapi.com/?t=Red&y=2010
Remember Me;2010;1;1319320800;23/10/2011;tt1403981;8;http://www.omdbapi.com/?t=Remember Me&y=2010
Rise of the Planet of the Apes;2011;1;1327100400;21/01/2012;tt1318514;8;http://www.omdbapi.com/?t=Rise of the Planet of the Apes&y=2011
Robin Hood;2010;1;;13/05/2010;tt0955308;6;http://www.omdbapi.com/?t=Robin Hood&y=2010
Ronal The Barbarian 3D;2011;1;1347228000;10/09/2012;tt1629374;8;http://www.omdbapi.com/?t=Ronal%20the%20Barbarian&y=2011
Safety Not Guaranteed;2012;1;1351897200;03/11/2012;tt1862079;6;http://www.omdbapi.com/?t=Safety Not Guaranteed&y=2012
Scott Pilgrim vs. the World;2010;1;1291417200;04/12/2010;tt0446029;7;http://www.omdbapi.com/?t=Scott Pilgrim vs. the World&y=2010
Senna;2010;1;1338069600;27/05/2012;tt1424432;8;http://www.omdbapi.com/?t=Senna&y=2010
Sette opere di misericordia;2011;1;1350338400;16/10/2012;tt1841830;2;
Seven Psychopaths;2012;1;1359846000;03/02/2013;tt1931533;5;http://www.omdbapi.com/?t=Seven Psychopaths&y=2012
Shaun of the Dead;2004;1;1302386400;10/04/2011;tt0365748;5;http://www.omdbapi.com/?t=Shaun of the Dead&y=2004
She's Out of My League;2010;1;1312668000;07/08/2011;tt0815236;8;http://www.omdbapi.com/?t=She's Out of My League&y=2010
Sherlock Holmes;2009;1;;27/06/2010;tt0988045;10;http://www.omdbapi.com/?t=Sherlock Holmes&y=2009
Sherlock Holmes: A Game of Shadows;2011;1;1362783600;09/03/2013;tt1515091;8;http://www.omdbapi.com/?t=Sherlock Holmes: A Game of Shadows&y=2011
Silver Linings Playbook;2012;1;1364853600;02/04/2013;tt1045658;7;http://www.omdbapi.com/?t=Silver Linings Playbook&y=2012
Sita Sings the Blues;2008;1;1359327600;28/01/2013;tt1172203;4;http://www.omdbapi.com/?t=Sita Sings the Blues&y=2008
Snow White and the Huntsman;2012;1;1342389600;16/07/2012;tt1735898;6;http://www.omdbapi.com/?t=Snow White and the Huntsman&y=2012
Solomon Kane;2009;1;1350597600;19/10/2012;tt0970452;6;http://www.omdbapi.com/?t=Solomon%20Kane&y=2009
Source Code;2011;1;1318716000;16/10/2011;tt0945513;9;http://www.omdbapi.com/?t=Source Code&y=2011
Spirited Away;2001;1;1295737200;23/01/2011;tt0245429;6;http://www.omdbapi.com/?t=Spirited Away&y=2001
Step Up Revolution;2012;1;1359154800;26/01/2013;tt1800741;8;http://www.omdbapi.com/?t=Step Up Revolution&y=2012
StreetDance 2;2012;1;1362697200;08/03/2013;tt1718903;7;http://www.omdbapi.com/?t=StreetDance 2&y=2012
StreetDance 3D;2010;1;;29/05/2010;tt1447972;9;http://www.omdbapi.com/?t=StreetDance 3D&y=2010
Super 8;2011;1;1319234400;22/10/2011;tt1650062;7;http://www.omdbapi.com/?t=Super 8&y=2011
Surf School;2006;1;1286661600;10/10/2010;tt0456014;6;http://www.omdbapi.com/?t=Surf School&y=2006
Taken;2008;1;1349474400;06/10/2012;tt0936501;8;http://www.omdbapi.com/?t=Taken&y=2008
Taken 2;2012;1;1358722800;21/01/2013;tt1397280;6;http://www.omdbapi.com/?t=Taken 2&y=2012
Tangled;2010;1;1297551600;13/02/2011;tt0398286;9;http://www.omdbapi.com/?t=Tangled&y=2010
The Adjustment Bureau;2011;1;1311458400;24/07/2011;tt1385826;6;http://www.omdbapi.com/?t=The Adjustment Bureau&y=2011
The Adventures of Tintin;2011;1;1333231200;01/04/2012;tt0983193;9;http://www.omdbapi.com/?t=The Adventures of Tintin&y=2011
The Blind Side;2009;1;1316124000;16/09/2011;tt0878804;8;http://www.omdbapi.com/?t=The Blind Side&y=2009
The Bourne Ultimatum;2007;1;1361660400;24/02/2013;tt0440963;7;http://www.omdbapi.com/?t=The Bourne Ultimatum&y=2007
The Brothers Bloom;2008;1;1350165600;14/10/2012;tt0844286;6;http://www.omdbapi.com/?t=The Brothers Bloom&y=2008
The Expendables;2010;1;1347573600;14/09/2012;tt1320253;6;http://www.omdbapi.com/?t=The Expendables&y=2010
The Expendables 2;2012;1;1353884400;26/11/2012;tt1764651;7;http://www.omdbapi.com/?t=The Expendables 2&y=2012
The Great Gatsby;2013;1;1368914400;19/05/2013;tt1343092;8;http://www.omdbapi.com/?t=The Great Gatsby&y=2013
The Great White Silence;1924;1;1335477600;27/04/2012;tt1764657;7;http://www.omdbapi.com/?t=The Great White Silence&y=1924
The Guard;2011;1;1328914800;11/02/2012;tt1540133;7;http://www.omdbapi.com/?t=The Guard&y=2011
The Hangover;2009;1;1325977200;08/01/2012;tt1119646;8;http://www.omdbapi.com/?t=The Hangover&y=2009
The Hangover Part II;2011;1;1326668400;16/01/2012;tt1411697;7;http://www.omdbapi.com/?t=The Hangover Part II&y=2011
The Hunger Games;2012;1;1345845600;25/08/2012;tt1392170;8;http://www.omdbapi.com/?t=The Hunger Games&y=2012
The Hurt Locker;2008;1;;14/04/2010;tt0887912;7;http://www.omdbapi.com/?t=The Hurt Locker&y=2008
The Ides of March;2011;1;1365285600;07/04/2013;tt1124035;8;http://www.omdbapi.com/?t=The Ides of March&y=2011
The Impossible;2012;1;1362351600;04/03/2013;tt1649419;8;http://www.omdbapi.com/?t=The Impossible&y=2012
The Inbetweeners;2012;1;1326063600;09/01/2012;tt1798695;7;http://www.omdbapi.com/?t=The Inbetweeners&y=2012
The International;2009;1;;15/05/2010;tt0963178;7;http://www.omdbapi.com/?t=The International&y=2009
The Iron Lady;2011;1;1367704800;05/05/2013;tt1007029;6;http://www.omdbapi.com/?t=The Iron Lady&y=2011
The Island;2005;1;1325718000;05/01/2012;tt0399201;9;http://www.omdbapi.com/?t=The Island&y=2005
The Karate Kid;2010;1;1289602800;13/11/2010;tt1155076;7;http://www.omdbapi.com/?t=The Karate Kid&y=2010
The Last Airbender;2010;1;1286661600;10/10/2010;tt0938283;7;http://www.omdbapi.com/?t=The Last Airbender&y=2010
The Last Song;2010;1;1318111200;09/10/2011;tt1294226;10;http://www.omdbapi.com/?t=The Last Song&y=2010
The Losers;2010;1;;09/06/2010;tt0480255;9;http://www.omdbapi.com/?t=The Losers&y=2010
The Pirates! Band of Misfits;2012;1;1346536800;02/09/2012;tt1430626;6;http://www.omdbapi.com/?t=The Pirates! Band of Misfits&y=2012
The Secret of Kells;2009;1;1299970800;13/03/2011;tt0485601;9;http://www.omdbapi.com/?t=The Secret of Kells&y=2009
The Shawshank Redemption;1994;1;;19/07/2010;tt0111161;9;http://www.omdbapi.com/?t=The Shawshank Redemption&y=1994
The Shining;1980;1;1287525600;20/10/2010;tt0081505;5;http://www.omdbapi.com/?t=The Shining&y=1980
The Social Network;2010;1;1295132400;16/01/2011;tt1285016;6;http://www.omdbapi.com/?t=The Social Network&y=2010
The Three Musketeers;2011;1;1334354400;14/04/2012;tt1509767;9;http://www.omdbapi.com/?t=The Three Musketeers&y=2011
The Tourist;2010;1;1294095600;04/01/2011;tt1243957;8;http://www.omdbapi.com/?t=The Tourist&y=2010
The Tournament;2009;1;1357254000;04/01/2013;tt0471041;6;http://www.omdbapi.com/?t=The Tournament&y=2009
The Town;2010;1;1348956000;30/09/2012;tt0840361;7;http://www.omdbapi.com/?t=The Town&y=2010
Thor;2011;1;1322262000;26/11/2011;tt0800369;8;http://www.omdbapi.com/?t=Thor&y=2011
Tinker Tailor Soldier Spy;2011;1;1353193200;18/11/2012;tt1340800;6;http://www.omdbapi.com/?t=Tinker Tailor Soldier Spy&y=2011
Tower Heist;2011;1;1331420400;11/03/2012;tt0471042;7;http://www.omdbapi.com/?t=Tower Heist&y=2011
Toy Story 2;1999;1;;18/07/2010;tt0120363;8;http://www.omdbapi.com/?t=Toy Story 2&y=1999
Toy Story 3;2010;1;;22/07/2010;tt0435761;9;http://www.omdbapi.com/?t=Toy Story 3&y=2010
Trollhunter;2010;1;1321052400;12/11/2011;tt1740707;6;http://www.omdbapi.com/?t=Trollhunter&y=2010
Twelve Monkeys (12 Monkeys);1995;1;;06/07/2010;tt0114746;5;http://www.omdbapi.com/?t=Twelve%20Monkeys&y=1995
Ultraviolet;2006;1;1325718000;05/01/2012;tt0370032;5;http://www.omdbapi.com/?t=Ultraviolet&y=2006
Unstoppable;2010;1;1301180400;27/03/2011;tt0477080;7;http://www.omdbapi.com/?t=Unstoppable&y=2010
Up;2009;1;;15/01/2010;tt1049413;9;http://www.omdbapi.com/?t=Up&y=2009
Up in the Air;2009;1;1311458400;24/07/2011;tt1193138;8;http://www.omdbapi.com/?t=Up in the Air&y=2009
Valentine's Day;2010;1;1332111600;19/03/2012;tt0817230;7;http://www.omdbapi.com/?t=Valentine's Day&y=2010
Vengeance (Fuk sau);2009;1;1289257200;09/11/2010;tt1329454;8;
Veronika Decides to Die;2009;1;1292540400;17/12/2010;tt1068678;7;http://www.omdbapi.com/?t=Veronika Decides to Die&y=2009
Vincere;2009;1;;27/05/2010;tt1156173;7;http://www.omdbapi.com/?t=Vincere&y=2009
Wanted;2008;1;1301007600;25/03/2011;tt0493464;8;http://www.omdbapi.com/?t=Wanted&y=2008
Watchmen;2009;1;;21/03/2010;tt0409459;8;http://www.omdbapi.com/?t=Watchmen&y=2009
What Happens in Vegas;2008;1;1324594800;23/12/2011;tt1033643;8;http://www.omdbapi.com/?t=What Happens in Vegas&y=2008
When in Rome;2010;1;1320447600;05/11/2011;tt1185416;8;http://www.omdbapi.com/?t=When in Rome&y=2010
Wreck-it Ralph;2012;1;1364079600;24/03/2013;tt1772341;9;http://www.omdbapi.com/?t=Wreck-It%20Ralph&y=2012
X-Men: First Class;2011;1;1325026800;28/12/2011;tt1270798;8;http://www.omdbapi.com/?t=X-Men: First Class&y=2011
You Again;2010;1;1323126000;06/12/2011;tt1414382;7;http://www.omdbapi.com/?t=You Again&y=2010
Your Highness;2011;1;1339797600;16/06/2012;tt1240982;6;http://www.omdbapi.com/?t=Your Highness&y=2011
Zombieland;2009;1;1290207600;20/11/2010;tt1156398;7;http://www.omdbapi.com/?t=Zombieland&y=2009
